Course_Num,Offering_Num,NMLS_ID,Last_Name,Completion_Date,Inst
6759,N/A,1136580,Smith,08/11/2017
6759,N/A,274601,Breiner,08/12/2017
6759,N/A,209293,Stavely,08/15/2017
6759,N/A,30280,Luedeman,08/11/2017
6759,N/A,293275,Van Deusen,08/16/2017
6759,N/A,1474979,Langlois,08/14/2017
6759,N/A,361990,Krueger,08/11/2017
6759,N/A,39110,Brannock,08/13/2017
6759,N/A,1037337,Britt,08/11/2017
6759,N/A,204001,Burik,08/10/2017
6759,N/A,1370326,Fuller,08/15/2017
6759,N/A,2059990,Menna,08/14/2017
6759,N/A,1528109,Orr,08/11/2017
