Course_Num,Offering_Num,NMLS_ID,Last_Name,Completion_Date,Inst
6901,293534,395731,Volz,09/27/2017
6901,293534,1536478,Alford Givens,10/02/2017
6901,293534,1031571,Durham,09/27/2017
6901,293534,1202140,Lewis,10/02/2017
6901,293534,840007,Mansouri,10/02/2017
6901,293534,1451536,Mercado,09/27/2017
6901,293534,250390,Nichols,09/29/2017
6901,293534,85358,Tozzolo,09/29/2017
6901,293534,42701,Barron,10/04/2017
6901,293534,41708,Dunagan,10/03/2017
6901,293534,138044,Price,10/02/2017
6901,293534,KY-bwhetstein@stocktonmortgagefunding,Whetstein,10/04/2017
