Course_Num,Offering_Num,NMLS_ID,Last_Name,Completion_Date,Inst
6759,N/A,1045068,Landis,06/07/2017
6759,N/A,173429,Sullivan,06/21/2017
6759,N/A,189749,Presser,06/23/2017
6759,N/A,1162683,Kelleher,06/07/2017
6759,N/A,936069,Pluta,06/23/2017
6759,N/A,404181,Cornwall,06/05/2017
6759,N/A,1165191,Hawkes,06/21/2017
6759,N/A,224641,Striedl,06/17/2017
6759,N/A,340121,Grinar,06/22/2017
6759,N/A,106090,Southwell,06/22/2017
6759,N/A,316513,Vermilio,06/09/2017
6759,N/A,1161593,Overshiner,06/21/2017
